id,mrn,name,age,gender,dob,education_years,handedness,apoe,apoe4_count,current_stage,risk_score_24m,velocity,status,mmse,moca,cdrsb,faq,lasi_dad_calibrated_mmse,plasma_ptau217_pg_ml,plasma_ab42_ab40_ratio,plasma_nfl_pg_ml,plasma_gfap_pg_ml,hippocampal_vol_cm3,ventricles_vol_cm3,mta_grade,fazekas_wmh,centiloids_cl,suvr_amyloid,microbleeds_count,dmt_eligible,dmt_drug,referral,clinic_location
ADNI_082_S_5029,GE-ADNI-5029,Elena Rostova,71,Female,1955-03-14,16,Right,ε4/ε4,2,4,0.94,Rapid Converter (ΔMMSE -3.5/yr),DMT Eligible · Infusion Scheduled,23.0,21.0,2.5,6.0,23.0,0.38,0.071,28.4,214.0,3.12,48.2,MTA Grade 3,Fazekas 1,88.5,1.54,0,True,Lecanemab (Leqembi) 10mg/kg biweekly IV,"Memory Disorders Clinic, Columbia Univ","GE Healthcare Precision Neuro Center, Bay 3"
ADNI_035_S_4410,GE-ADNI-4410,Arthur Pendelton,66,Male,1960-11-20,18,Right,ε3/ε3,0,2,0.08,Stable Trajectory (ΔMMSE 0.0/yr),"Ruled Out · Cost Saved $4,700",29.0,28.0,0.0,0.0,29.0,0.08,0.114,11.2,78.0,4.35,22.4,MTA Grade 0 (Normal),Fazekas 0,4.2,0.98,0,False,Not Indicated · Reassure Patient,"Executive Health Physical, Mayo Clinic",GE Precision Health Outpatient Suite
ADNI_IND_004_S_102,GE-LASI-0102,Sunita Devi,64,Female,1962-07-04,4,Right,ε3/ε4,1,2,0.28,Stable Trajectory (ΔMMSE -0.3/yr),LASI-DAD Calibrated · Low Risk,21.0,19.0,1.0,2.0,23.2,0.14,0.098,16.5,112.0,3.88,31.5,MTA Grade 1,Fazekas 1,18.2,1.08,0,False,Not Indicated · Lifestyle & Glycemic Control,"Community Health Outreach, Apollo Hospitals Bangalore",GE Healthcare South Asia Clinical Hub
ADNI_011_S_4209,GE-ADNI-4209,Clara Barton,68,Female,1958-04-18,14,Right,ε3/ε4,1,3,0.64,Moderate Velocity (ΔMMSE -1.5/yr),MRI Completed · Escalating to PET,26.0,24.0,1.0,3.0,26.0,0.19,0.086,19.8,145.0,3.52,38.6,MTA Grade 2,Fazekas 1,44.8,1.28,1,True,Lecanemab (Leqembi) with Enhanced MRI Monitoring,Primary Care Geriatric Clinic,GE Precision Health Regional Network
ADNI_098_S_6118,GE-ADNI-6118,Rajesh K. Sharma,74,Male,1952-10-12,16,Right,ε3/ε4,1,3,0.82,Progressive Vascular (ΔMoCA -2.0/yr),Vascular Etiology · DMT Contraindicated,22.0,19.0,3.0,7.0,22.0,0.16,0.092,42.6,280.0,3.4,56.4,MTA Grade 2,Fazekas 3 (Severe Confluent WMH),34.0,1.18,6,False,CONTRAINDICATED (High ARIA-H Risk >5 Microbleeds),"Stroke Prevention & Memory Clinic, Manipal Hospital",GE Healthcare Stroke & Neurovascular Clinic
ADNI_045_S_4006,GE-ADNI-4006,Mary Verma,69,Female,1957-04-05,16,Right,ε3/ε4,1,2,0.13,Stable Trajectory (ΔMMSE 0.0/yr),Low Risk · Routine Primary Care,28.0,26.0,0.0,0.0,28.0,0.081,0.116,12.9,95.8,4.25,37.5,MTA Grade 0,Fazekas 0,7.5,1.0,0,False,Not Indicated,Primary Care Screening,"Memory & Aging Center, UCSF"
ADNI_041_S_4007,GE-ADNI-4007,Henry Garcia,84,Male,1942-02-02,16,Right,ε4/ε4,2,3,0.81,Rapid Converter (ΔMMSE -2.5/yr),High Amyloid · Stage 4 Evaluation,25.0,22.0,3.0,6.0,25.0,0.306,0.073,33.4,236.1,3.31,41.5,MTA Grade 2,Fazekas 1,57.4,1.35,2,True,Lecanemab (Leqembi) 10mg/kg biweekly IV,Self-Referral Memory Concerns,GE Memory Clinic & Molecular Imaging Suite
ADNI_077_S_4008,GE-ADNI-4008,Sarah Brown,69,Female,1957-12-18,14,Right,ε3/ε3,0,3,0.44,Moderate Velocity (ΔMMSE -1.0/yr),Amnestic MCI · Close Surveillance,26.0,24.0,1.5,1.0,26.0,0.22,0.096,17.4,128.8,3.77,28.5,MTA Grade 1,Fazekas 1,33.9,1.19,1,False,Not Indicated,Geriatric Assessment Clinic,"Apollo Hospitals Neuro Innovation Wing, Bangalore"
ADNI_026_S_4009,GE-ADNI-4009,Elizabeth Nair,67,Female,1959-09-25,18,Right,ε3/ε4,1,2,0.47,Moderate Velocity (ΔMMSE -1.0/yr),Amnestic MCI · Close Surveillance,27.0,25.0,1.0,1.0,27.0,0.179,0.092,16.7,160.3,3.83,36.2,MTA Grade 1,Fazekas 1,41.6,1.24,0,False,Not Indicated,Neurology Consult,GE Memory Clinic & Molecular Imaging Suite
ADNI_094_S_4010,GE-ADNI-4010,Mary Johnson,84,Female,1942-11-02,12,Right,ε3/ε4,1,1,0.07,Stable Trajectory (ΔMMSE 0.0/yr),Low Risk · Routine Primary Care,29.0,29.0,0.0,0.0,29.0,0.125,0.122,13.0,72.1,4.14,53.9,MTA Grade 0,Fazekas 0,7.3,1.0,0,False,Not Indicated,Neurology Consult,"Memory & Aging Center, UCSF"
ADNI_081_S_4011,GE-ADNI-4011,Patricia Moore,62,Female,1964-02-25,18,Right,ε3/ε3,0,2,0.22,Stable Trajectory (ΔMMSE 0.0/yr),Low Risk · Routine Primary Care,28.0,27.0,0.5,0.0,28.0,0.149,0.108,14.5,82.8,4.11,27.2,MTA Grade 0,Fazekas 0,14.4,1.05,0,False,Not Indicated,Neurology Consult,GE Memory Clinic & Molecular Imaging Suite
ADNI_022_S_4012,GE-ADNI-4012,Alice Harris,63,Female,1963-10-03,14,Right,ε3/ε3,0,4,0.93,Advanced Neurodegeneration,Established AD · Multi-Disciplinary Care,19.0,17.0,4.0,11.0,19.0,0.459,0.065,41.0,274.8,2.96,43.3,MTA Grade 3,Fazekas 2,87.2,1.56,5,False,Not Indicated,Primary Care Screening,Johns Hopkins Precision Alzheimer's Hub
ADNI_066_S_4013,GE-ADNI-4013,Sarah Williams,65,Female,1961-12-18,12,Right,ε3/ε3,0,2,0.09,Stable Trajectory (ΔMMSE 0.0/yr),Low Risk · Routine Primary Care,30.0,29.0,0.5,0.0,30.0,0.068,0.112,10.9,60.2,4.29,33.2,MTA Grade 0,Fazekas 0,10.3,1.02,0,False,Not Indicated,Neurology Consult,"GE Healthcare Precision Neuro Center, Bay 1"
ADNI_039_S_4014,GE-ADNI-4014,Walter Brown,69,Male,1957-03-26,16,Right,ε3/ε3,0,4,0.77,Rapid Converter (ΔMMSE -2.5/yr),High Amyloid · Stage 4 Evaluation,25.0,21.0,3.0,5.0,25.0,0.406,0.07,36.2,248.7,3.1,56.8,MTA Grade 2,Fazekas 1,82.8,1.53,1,True,Lecanemab (Leqembi) 10mg/kg biweekly IV,Self-Referral Memory Concerns,"GE Healthcare Precision Neuro Center, Bay 2"
ADNI_074_S_4015,GE-ADNI-4015,Amit Rao,75,Male,1951-10-17,8,Right,ε3/ε3,0,2,0.2,Stable Trajectory (ΔMMSE 0.0/yr),Low Risk · Routine Primary Care,28.0,30.0,0.0,1.0,29.4,0.099,0.124,15.4,91.2,4.23,50.9,MTA Grade 0,Fazekas 0,3.6,0.98,0,False,Not Indicated,Geriatric Assessment Clinic,"Memory & Aging Center, UCSF"
ADNI_090_S_4016,GE-ADNI-4016,Samuel Garcia,78,Male,1948-08-26,18,Right,ε3/ε3,0,2,0.13,Stable Trajectory (ΔMMSE 0.0/yr),Low Risk · Routine Primary Care,28.0,27.0,0.5,0.0,28.0,0.133,0.105,9.3,109.2,4.21,53.0,MTA Grade 0,Fazekas 0,12.0,1.03,0,False,Not Indicated,Self-Referral Memory Concerns,"Memory & Aging Center, UCSF"
ADNI_079_S_4017,GE-ADNI-4017,Samuel Harris,85,Male,1941-09-14,18,Right,ε3/ε4,1,4,0.73,Rapid Converter (ΔMMSE -2.5/yr),High Amyloid · Stage 4 Evaluation,25.0,22.0,2.0,6.0,25.0,0.403,0.075,32.8,202.0,3.03,25.2,MTA Grade 2,Fazekas 1,64.7,1.4,1,True,Lecanemab (Leqembi) 10mg/kg biweekly IV,Primary Care Screening,"GE Healthcare Precision Neuro Center, Bay 2"
ADNI_069_S_4018,GE-ADNI-4018,Gordon Moore,81,Male,1945-04-16,12,Right,ε3/ε3,0,2,0.12,Stable Trajectory (ΔMMSE 0.0/yr),Low Risk · Routine Primary Care,30.0,27.0,0.5,0.0,30.0,0.148,0.114,15.3,89.6,4.23,27.3,MTA Grade 0,Fazekas 0,3.1,0.97,0,False,Not Indicated,Self-Referral Memory Concerns,"Memory & Aging Center, UCSF"
ADNI_083_S_4019,GE-ADNI-4019,Jessica Garcia,62,Female,1964-10-05,12,Right,ε3/ε3,0,4,0.94,Advanced Neurodegeneration,Established AD · Multi-Disciplinary Care,21.0,17.0,5.5,10.0,21.0,0.501,0.069,49.4,325.6,2.76,46.4,MTA Grade 3,Fazekas 2,94.3,1.61,3,False,Not Indicated,Neurology Consult,"GE Healthcare Precision Neuro Center, Bay 2"
ADNI_053_S_4020,GE-ADNI-4020,William Gupta,73,Male,1953-11-27,14,Right,ε3/ε3,0,3,0.52,Moderate Velocity (ΔMMSE -1.0/yr),Amnestic MCI · Close Surveillance,28.0,26.0,1.5,3.0,28.0,0.207,0.089,18.2,171.4,3.61,32.9,MTA Grade 1,Fazekas 1,31.0,1.17,1,False,Not Indicated,Primary Care Screening,"GE Healthcare Precision Neuro Center, Bay 2"
ADNI_034_S_4021,GE-ADNI-4021,David Johnson,71,Male,1955-04-13,16,Right,ε3/ε4,1,3,0.57,Moderate Velocity (ΔMMSE -1.0/yr),Amnestic MCI · Close Surveillance,28.0,25.0,1.5,3.0,28.0,0.196,0.089,18.1,159.7,3.63,56.2,MTA Grade 1,Fazekas 1,36.9,1.21,0,False,Not Indicated,Self-Referral Memory Concerns,"Apollo Hospitals Neuro Innovation Wing, Bangalore"
ADNI_025_S_4022,GE-ADNI-4022,Mary Jackson,71,Female,1955-08-16,14,Right,ε3/ε3,0,4,0.89,Advanced Neurodegeneration,Established AD · Multi-Disciplinary Care,21.0,15.0,4.0,12.0,21.0,0.478,0.064,48.7,256.7,2.98,30.7,MTA Grade 3,Fazekas 2,113.5,1.74,1,False,Not Indicated,Neurology Consult,"Memory & Aging Center, UCSF"
ADNI_086_S_4023,GE-ADNI-4023,Walter Taylor,71,Male,1955-01-08,12,Right,ε3/ε4,1,1,0.18,Stable Trajectory (ΔMMSE 0.0/yr),Low Risk · Routine Primary Care,29.0,30.0,0.0,1.0,29.0,0.07,0.107,10.0,73.3,3.97,25.7,MTA Grade 0,Fazekas 0,2.8,0.97,0,False,Not Indicated,Geriatric Assessment Clinic,"Memory & Aging Center, UCSF"
ADNI_068_S_4024,GE-ADNI-4024,Barbara Taylor,78,Female,1948-11-15,18,Right,ε3/ε4,1,3,0.57,Moderate Velocity (ΔMMSE -1.0/yr),Amnestic MCI · Close Surveillance,25.0,26.0,1.5,2.0,25.0,0.187,0.094,23.7,138.1,3.78,43.1,MTA Grade 1,Fazekas 1,27.8,1.14,0,False,Not Indicated,Primary Care Screening,GE Memory Clinic & Molecular Imaging Suite
ADNI_041_S_4025,GE-ADNI-4025,William Miller,82,Male,1944-10-26,12,Right,ε3/ε4,1,2,0.46,Moderate Velocity (ΔMMSE -1.0/yr),Amnestic MCI · Close Surveillance,26.0,23.0,1.5,1.0,26.0,0.212,0.087,24.4,136.1,3.78,46.8,MTA Grade 1,Fazekas 1,30.3,1.16,1,False,Not Indicated,Neurology Consult,"Memory & Aging Center, UCSF"
ADNI_014_S_4026,GE-ADNI-4026,Amit Rao,79,Male,1947-09-13,14,Right,ε3/ε3,0,4,0.88,Rapid Converter (ΔMMSE -2.5/yr),High Amyloid · Stage 4 Evaluation,23.0,23.0,2.0,6.0,23.0,0.399,0.078,35.4,210.9,3.3,46.4,MTA Grade 2,Fazekas 1,82.9,1.53,1,True,Lecanemab (Leqembi) 10mg/kg biweekly IV,Self-Referral Memory Concerns,GE Memory Clinic & Molecular Imaging Suite
ADNI_055_S_4027,GE-ADNI-4027,Suresh Taylor,79,Male,1947-01-20,8,Right,ε4/ε4,2,4,0.96,Advanced Neurodegeneration,Established AD · Multi-Disciplinary Care,18.0,18.0,4.0,15.0,19.4,0.507,0.068,43.9,316.3,3.02,47.0,MTA Grade 3,Fazekas 2,86.4,1.55,3,False,Not Indicated,Geriatric Assessment Clinic,"GE Healthcare Precision Neuro Center, Bay 2"
ADNI_045_S_4028,GE-ADNI-4028,Gordon Jones,64,Male,1962-08-12,20,Right,ε4/ε4,2,4,0.85,Rapid Converter (ΔMMSE -2.5/yr),High Amyloid · Stage 4 Evaluation,24.0,21.0,3.0,7.0,24.0,0.297,0.073,29.0,203.7,3.31,54.8,MTA Grade 2,Fazekas 1,55.7,1.34,1,True,Lecanemab (Leqembi) 10mg/kg biweekly IV,Primary Care Screening,"Apollo Hospitals Neuro Innovation Wing, Bangalore"
ADNI_019_S_4029,GE-ADNI-4029,Robert Jackson,73,Male,1953-12-05,8,Right,ε3/ε4,1,1,0.07,Stable Trajectory (ΔMMSE 0.0/yr),Low Risk · Routine Primary Care,30.0,28.0,0.5,0.0,31.4,0.083,0.121,12.4,100.3,4.27,32.7,MTA Grade 0,Fazekas 0,6.4,0.99,0,False,Not Indicated,Self-Referral Memory Concerns,"Apollo Hospitals Neuro Innovation Wing, Bangalore"
ADNI_085_S_4030,GE-ADNI-4030,Walter Davis,82,Male,1944-02-21,16,Right,ε3/ε3,0,2,0.51,Moderate Velocity (ΔMMSE -1.0/yr),Amnestic MCI · Close Surveillance,25.0,23.0,1.5,2.0,25.0,0.169,0.088,20.8,141.4,3.65,46.3,MTA Grade 1,Fazekas 1,41.0,1.24,1,False,Not Indicated,Self-Referral Memory Concerns,"GE Healthcare Precision Neuro Center, Bay 1"
ADNI_028_S_4031,GE-ADNI-4031,Margaret Johnson,83,Female,1943-04-21,16,Right,ε3/ε3,0,1,0.1,Stable Trajectory (ΔMMSE 0.0/yr),Low Risk · Routine Primary Care,30.0,27.0,0.0,0.0,30.0,0.113,0.121,10.6,98.7,4.29,36.9,MTA Grade 0,Fazekas 0,9.7,1.02,0,False,Not Indicated,Self-Referral Memory Concerns,"GE Healthcare Precision Neuro Center, Bay 2"
ADNI_080_S_4032,GE-ADNI-4032,Grace Smith,85,Female,1941-11-17,12,Right,ε3/ε3,0,4,0.94,Advanced Neurodegeneration,Established AD · Multi-Disciplinary Care,21.0,18.0,4.0,12.0,21.0,0.522,0.062,53.0,275.4,2.75,52.3,MTA Grade 3,Fazekas 2,88.8,1.57,5,False,Not Indicated,Geriatric Assessment Clinic,Johns Hopkins Precision Alzheimer's Hub
ADNI_095_S_4033,GE-ADNI-4033,Anil Rao,83,Male,1943-05-12,20,Right,ε3/ε3,0,1,0.11,Stable Trajectory (ΔMMSE 0.0/yr),Low Risk · Routine Primary Care,28.0,29.0,0.0,1.0,28.0,0.133,0.115,13.1,88.1,4.06,57.2,MTA Grade 0,Fazekas 0,3.6,0.98,0,False,Not Indicated,Neurology Consult,Johns Hopkins Precision Alzheimer's Hub
ADNI_049_S_4034,GE-ADNI-4034,Grace Verma,62,Female,1964-03-09,16,Right,ε3/ε3,0,1,0.08,Stable Trajectory (ΔMMSE 0.0/yr),Low Risk · Routine Primary Care,30.0,29.0,0.0,0.0,30.0,0.127,0.124,9.6,86.5,4.09,34.3,MTA Grade 0,Fazekas 0,7.9,1.01,0,False,Not Indicated,Geriatric Assessment Clinic,"GE Healthcare Precision Neuro Center, Bay 1"
ADNI_055_S_4035,GE-ADNI-4035,Robert Davis,74,Male,1952-10-02,4,Right,ε3/ε3,0,2,0.16,Stable Trajectory (ΔMMSE 0.0/yr),Low Risk · Routine Primary Care,29.0,28.0,0.0,0.0,31.8,0.105,0.112,9.9,86.6,4.02,47.8,MTA Grade 0,Fazekas 0,9.3,1.02,0,False,Not Indicated,Primary Care Screening,"GE Healthcare Precision Neuro Center, Bay 1"
ADNI_035_S_4036,GE-ADNI-4036,Jessica Gupta,80,Female,1946-07-17,8,Right,ε3/ε4,1,1,0.07,Stable Trajectory (ΔMMSE 0.0/yr),Low Risk · Routine Primary Care,28.0,30.0,0.0,0.0,29.4,0.142,0.11,14.1,100.9,4.31,40.5,MTA Grade 0,Fazekas 0,5.1,0.99,0,False,Not Indicated,Self-Referral Memory Concerns,"GE Healthcare Precision Neuro Center, Bay 1"
ADNI_087_S_4037,GE-ADNI-4037,Ananya Thomas,64,Female,1962-05-15,14,Left,ε3/ε4,1,1,0.08,Stable Trajectory (ΔMMSE 0.0/yr),Low Risk · Routine Primary Care,30.0,30.0,0.5,1.0,30.0,0.112,0.124,14.2,62.1,4.35,50.6,MTA Grade 0,Fazekas 0,9.4,1.02,0,False,Not Indicated,Neurology Consult,"GE Healthcare Precision Neuro Center, Bay 1"
ADNI_049_S_4038,GE-ADNI-4038,James Rao,65,Male,1961-09-22,14,Right,ε3/ε4,1,4,0.95,Advanced Neurodegeneration,Established AD · Multi-Disciplinary Care,19.0,17.0,4.0,13.0,19.0,0.513,0.069,41.2,312.2,2.93,34.8,MTA Grade 3,Fazekas 2,88.9,1.57,1,False,Not Indicated,Neurology Consult,"Apollo Hospitals Neuro Innovation Wing, Bangalore"
ADNI_070_S_4039,GE-ADNI-4039,Priya Harris,66,Female,1960-10-13,12,Right,ε3/ε4,1,2,0.47,Moderate Velocity (ΔMMSE -1.0/yr),Amnestic MCI · Close Surveillance,28.0,23.0,1.5,2.0,28.0,0.214,0.088,20.0,135.7,3.8,28.4,MTA Grade 1,Fazekas 1,31.0,1.17,1,False,Not Indicated,Self-Referral Memory Concerns,Johns Hopkins Precision Alzheimer's Hub
ADNI_093_S_4040,GE-ADNI-4040,James Jones,70,Male,1956-08-17,12,Right,ε4/ε4,2,2,0.07,Stable Trajectory (ΔMMSE 0.0/yr),Low Risk · Routine Primary Care,29.0,26.0,0.5,0.0,29.0,0.096,0.111,11.7,64.1,4.01,34.5,MTA Grade 0,Fazekas 0,6.1,0.99,0,False,Not Indicated,Geriatric Assessment Clinic,"GE Healthcare Precision Neuro Center, Bay 1"
ADNI_059_S_4041,GE-ADNI-4041,Walter Anderson,64,Male,1962-02-27,18,Right,ε3/ε3,0,2,0.37,Moderate Velocity (ΔMMSE -1.0/yr),Amnestic MCI · Close Surveillance,26.0,25.0,1.5,1.0,26.0,0.209,0.088,19.7,156.5,3.53,30.8,MTA Grade 1,Fazekas 1,41.5,1.24,0,False,Not Indicated,Neurology Consult,"Memory & Aging Center, UCSF"
ADNI_025_S_4042,GE-ADNI-4042,Richard Brown,64,Male,1962-12-25,18,Left,ε3/ε3,0,3,0.81,Rapid Converter (ΔMMSE -2.5/yr),High Amyloid · Stage 4 Evaluation,24.0,22.0,3.0,8.0,24.0,0.356,0.069,33.1,202.9,3.39,35.6,MTA Grade 2,Fazekas 1,56.6,1.35,1,True,Lecanemab (Leqembi) 10mg/kg biweekly IV,Geriatric Assessment Clinic,"Apollo Hospitals Neuro Innovation Wing, Bangalore"
ADNI_066_S_4043,GE-ADNI-4043,Samuel Harris,84,Male,1942-07-06,16,Right,ε3/ε3,0,4,0.85,Rapid Converter (ΔMMSE -2.5/yr),High Amyloid · Stage 4 Evaluation,25.0,22.0,2.0,4.0,25.0,0.387,0.074,31.2,240.0,3.07,34.2,MTA Grade 2,Fazekas 1,56.1,1.34,2,True,Lecanemab (Leqembi) 10mg/kg biweekly IV,Primary Care Screening,"GE Healthcare Precision Neuro Center, Bay 2"
ADNI_095_S_4044,GE-ADNI-4044,Dorothy Thomas,74,Female,1952-09-04,12,Right,ε3/ε3,0,4,0.98,Advanced Neurodegeneration,Established AD · Multi-Disciplinary Care,20.0,18.0,4.0,9.0,20.0,0.407,0.056,38.5,318.5,3.05,43.9,MTA Grade 3,Fazekas 2,109.3,1.72,3,False,Not Indicated,Geriatric Assessment Clinic,Johns Hopkins Precision Alzheimer's Hub
ADNI_065_S_4045,GE-ADNI-4045,Grace Johnson,64,Female,1962-05-13,20,Right,ε3/ε3,0,3,0.83,Rapid Converter (ΔMMSE -2.5/yr),High Amyloid · Stage 4 Evaluation,23.0,22.0,2.0,7.0,23.0,0.355,0.075,25.8,246.3,3.25,45.3,MTA Grade 2,Fazekas 1,75.0,1.48,0,True,Lecanemab (Leqembi) 10mg/kg biweekly IV,Primary Care Screening,"GE Healthcare Precision Neuro Center, Bay 2"
ADNI_071_S_4046,GE-ADNI-4046,Barbara Harris,85,Female,1941-10-11,18,Right,ε3/ε4,1,1,0.21,Stable Trajectory (ΔMMSE 0.0/yr),Low Risk · Routine Primary Care,30.0,30.0,0.5,0.0,30.0,0.129,0.112,13.5,84.9,4.21,42.0,MTA Grade 0,Fazekas 0,5.8,0.99,0,False,Not Indicated,Self-Referral Memory Concerns,"Memory & Aging Center, UCSF"
ADNI_037_S_4047,GE-ADNI-4047,Sarah Anderson,69,Female,1957-03-04,8,Right,ε3/ε4,1,2,0.47,Moderate Velocity (ΔMMSE -1.0/yr),Amnestic MCI · Close Surveillance,27.0,25.0,1.0,1.0,28.4,0.2,0.092,20.5,137.0,3.51,34.5,MTA Grade 1,Fazekas 1,40.9,1.24,0,False,Not Indicated,Geriatric Assessment Clinic,GE Memory Clinic & Molecular Imaging Suite
ADNI_051_S_4048,GE-ADNI-4048,Walter Harris,65,Male,1961-03-04,14,Right,ε3/ε3,0,4,0.97,Advanced Neurodegeneration,Established AD · Multi-Disciplinary Care,19.0,16.0,5.5,13.0,19.0,0.388,0.056,49.3,328.4,2.88,54.7,MTA Grade 3,Fazekas 2,89.5,1.58,1,False,Not Indicated,Geriatric Assessment Clinic,Johns Hopkins Precision Alzheimer's Hub
ADNI_070_S_4049,GE-ADNI-4049,Daniel Jackson,80,Male,1946-04-24,8,Right,ε3/ε3,0,4,0.76,Rapid Converter (ΔMMSE -2.5/yr),High Amyloid · Stage 4 Evaluation,23.0,21.0,2.0,8.0,24.4,0.432,0.07,24.3,205.1,3.07,31.3,MTA Grade 2,Fazekas 1,78.5,1.5,2,True,Lecanemab (Leqembi) 10mg/kg biweekly IV,Primary Care Screening,"GE Healthcare Precision Neuro Center, Bay 2"
ADNI_020_S_4050,GE-ADNI-4050,Karen Patel,84,Female,1942-04-23,16,Right,ε3/ε3,0,4,0.91,Advanced Neurodegeneration,Established AD · Multi-Disciplinary Care,20.0,17.0,4.0,13.0,20.0,0.515,0.061,54.6,330.0,3.03,32.7,MTA Grade 3,Fazekas 2,109.1,1.71,3,False,Not Indicated,Geriatric Assessment Clinic,GE Memory Clinic & Molecular Imaging Suite
